"","order","ngram","freq","prop"
"1",1,"<> <> <> <> the",12,0.0591133004926108
"2",2,"the <> <> to <>",2,0.4
"3",3,"<> a <> <> in",2,0.105263157894737
"4",4,"up up up up up",3,0.75
"5",5,"of <> <> and <>",12,0.705882352941177
"6",6,"and <> <> of <>",4,0.571428571428571
"7",7,"<> <> during the <>",2,1
"8",8,"<> and <> <> will",2,0.0210526315789474
"9",9,"what no other can exactly",2,1
"10",10,"see the <> in the",2,1
"11",11,"<> the <> of the",6,0.272727272727273
"12",12,"<> <> <> which <>",2,0.5
"13",13,"<> <> to <> it",3,0.230769230769231
"14",14,"a <> <> in a",2,0.25
"15",15,"i can't help but think",2,0.666666666666667
"16",16,"<> <> <> by <>",2,0.5
"17",17,"showed them his contract as",2,1
"18",18,"generation and generation shall praise",2,1
"19",19,"of the <> of the",4,0.307692307692308
"20",20,"of the <> <> and",5,0.0909090909090909
"21",21,"to the <> that <>",2,1
"22",22,"<> an <> <> <>",2,0.666666666666667
"23",23,"as far as i know",4,1
"24",24,"<> in the <> for",2,0.0454545454545455
"25",25,"<> and <> in the",6,0.333333333333333
"26",26,"<> of the <> <>",10,0.24390243902439
"27",27,"ask how a bill could",2,1
"28",28,"give up no matter how",2,1
"29",29,"<> <> with the <>",3,0.5
"30",30,"as <> <> <> <>",2,0.5
"31",31,"a <> has been reached",2,1
"32",32,"<> <> in <> and",4,0.2
"33",33,"have a great day everyone",2,0.5
"34",34,"<> under <> <> <>",2,1
"35",35,"doing nothing is very hard",2,1
"36",36,"a <> <> <> <>",4,0.181818181818182
"37",37,"<> and a <> <>",6,0.352941176470588
"38",38,"the <> <> by <>",3,0.75
"39",39,"a <> of <> to",2,0.2
"40",40,"how to make me feel",2,1
"41",41,"that awkward moment when your",2,0.25
"42",42,"one of those days where",2,1
"43",43,"hope to see you there",2,0.2
"44",44,"and the <> is <>",2,0.666666666666667
"45",45,"told him he was going",2,0.666666666666667
"46",46,"keep up the good work",3,1
"47",47,"his contract as proof they",2,1
"48",48,"never be as great as",2,1
"49",49,"love how it turned out",2,1
"50",50,"and <> <> the <>",3,0.5
"51",51,"you don't want to read",2,0.666666666666667
"52",52,"oh oh i would like",2,1
"53",53,"them his contract as proof",2,1
"54",54,"the last couple of years",2,0.5
"55",55,"three nights he didn't mean",2,1
"56",56,"a <> of <> on",2,0.2
"57",57,"supply contract he showed them",2,1
"58",58,"was not going to be",2,1
"59",59,"<> <> under <> <>",2,0.5
"60",60,"he showed them his contract",2,1
"61",61,"please let us know if",2,1
"62",62,"it isn't going to be",2,1
"63",63,"and three nights he didn't",2,1
"64",64,"<> <> and i just",2,0.4
"65",65,"is a <> <> i",2,0.222222222222222
"66",66,"and <> <> <> <>",6,0.25
"67",67,"<> for the <> <>",4,0.2
"68",68,"<> <> <> is an",2,0.142857142857143
"69",69,"<> <> <> for <>",5,0.416666666666667
"70",70,"contract he showed them his",2,1
"71",71,"as a matter of fact",3,1
"72",72,"for <> in a <>",2,1
"73",73,"<> and <> and <>",8,0.4
"74",74,"and <> <> <> in",2,0.0833333333333333
"75",75,"and <> at the <>",3,0.75
"76",76,"and the e street band",2,1
"77",77,"two top shelf grams for",2,1
"78",78,"<> and <> <> of",4,0.0421052631578947
"79",79,"it would be great if",2,1
"80",80,"water supply contract he showed",2,1
"81",81,"given a warning or two",2,1
"82",82,"<> <> is <> to",2,0.222222222222222
"83",83,"follow me and i will",2,1
"84",84,"one of the most important",2,0.1
"85",85,"any two top shelf grams",2,1
"86",86,"a <> <> with a",2,0.4
"87",87,"with the <> <> and",2,0.142857142857143
"88",88,"days and three nights he",2,1
"89",89,"be the <> <> <>",2,0.666666666666667
"90",90,"a long way to go",2,1
"91",91,"two hits with a walk",2,1
"92",92,"on the <> <> <>",5,0.5
"93",93,"will be a <> <>",3,1
"94",94,"has been shot and killed",2,1
"95",95,"is the most important part",2,0.666666666666667
"96",96,"never know when you're finished",2,1
"97",97,"by <> <> for a",2,1
"98",98,"in the middle of a",3,0.230769230769231
"99",99,"<> senior vice president of",2,1
"100",100,"need to get out of",4,0.8
"101",101,"school i need to get",3,1
"102",102,"<> <> <> that the",2,0.2
"103",103,"the <> <> for the",3,0.5
"104",104,"hope everyone has a safe",2,0.285714285714286
"105",105,"<> <> and <> in",2,0.0172413793103448
"106",106,"some but not all of",2,1
"107",107,"i <> <> <> <>",2,0.666666666666667
"108",108,"i'm one of the <>",2,0.666666666666667
"109",109,"no other reason than to",2,0.666666666666667
"110",110,"<> <> for this <>",2,1
"111",111,"be in his name if",2,1
"112",112,"and <> in the <>",4,0.363636363636364
"113",113,"<> and i have to",2,0.5
"114",114,"of <> <> <> of",2,0.0666666666666667
"115",115,"<> <> and <> on",3,0.0258620689655172
"116",116,"<> with a <> and",3,0.272727272727273
"117",117,"a <> and <> <>",2,0.222222222222222
"118",118,"good judgment comes from experience",2,1
"119",119,"fault in our stars by",2,1
"120",120,"going to be very disappointed",2,1
"121",121,"don't know what you're talking",2,1
"122",122,"did you end up getting",2,1
"123",123,"watched we bought a zoo",2,1
"124",124,"two and a half days",2,0.666666666666667
"125",125,"of the american dream and",2,1
"126",126,"bill could be in his",2,1
"127",127,"got caught up in the",2,1
"128",128,"by <> <> and <>",2,0.25
"129",129,"in <> <> the <>",2,1
"130",130,"of error of plus or",2,1
"131",131,"the <> to <> <>",3,0.375
"132",132,"<> and the <> of",4,0.0952380952380952
"133",133,"<> <> in the <>",8,0.258064516129032
"134",134,"yet another example of how",2,1
"135",135,"there are so many things",2,0.4
"136",136,"the <> and <> the",3,0.0789473684210526
"137",137,"the <> <> and the",5,0.185185185185185
"138",138,"error of plus or minus",2,1
"139",139,"makes me want to go",2,0.666666666666667
"140",140,"in a <> <> <>",2,0.181818181818182
"141",141,"on my <> <> <>",2,0.666666666666667
"142",142,"people would work together to",2,1
"143",143,"<> <> <> <> at",2,0.00985221674876847
"144",144,"we're going to have a",2,1
"145",145,"<> <> <> <> i",2,0.00985221674876847
"146",146,"the finishing touches on the",2,1
"147",147,"let me know and i'll",2,0.666666666666667
"148",148,"infringing act is committed or",2,0.666666666666667
"149",149,"special thanks to for <>",2,1
"150",150,"is in the process of",2,1
"151",151,"take a deep breath and",2,1
"152",152,"<> that <> <> <>",2,0.333333333333333
"153",153,"to get some work done",2,1
"154",154,"mi run with nike gps",2,1
"155",155,"for no other reason than",2,1
"156",156,"the <> of <> for",2,0.0444444444444444
"157",157,"<> new <> <> <>",2,0.5
"158",158,"<> <> of <> and",2,0.0625
"159",159,"happy to see you here",2,1
"160",160,"are red violets are blue",2,1
"161",161,"top of the pan am",2,1
"162",162,"to the <> and <>",2,0.666666666666667
"163",163,"<> <> for <> <>",2,0.181818181818182
"164",164,"at the <> <> and",2,0.166666666666667
"165",165,"<> <> <> <> with",2,0.00985221674876847
"166",166,"i had a great time",2,1
"167",167,"in <> <> and the",2,0.333333333333333
"168",168,"my hubby last night and",2,1
"169",169,"on <> <> <> the",2,0.285714285714286
"170",170,"and <> of <> the",2,0.2
"171",171,"put perry in a position",2,1
"172",172,"i'm going straight to hell",2,1
"173",173,"happy mother's day to all",2,1
"174",174,"at degrees for minutes or",2,1
"175",175,"way to spend a saturday",2,1
"176",176,"<> <> thanks for sharing",2,1
"177",177,"<> on the <> and",2,0.0952380952380952
"178",178,"minutes or until a <>",2,1
"179",179,"of <> <> <> <>",7,0.233333333333333
"180",180,"<> the <> <> of",5,0.15625
"181",181,"the things that are unseen",2,0.5
"182",182,"to <> and <> <>",3,0.375
"183",183,"<> <> woo woo woo",2,1
"184",184,"i'm going to have to",3,0.6
"185",185,"and receive a free glass",2,1
"186",186,"had never had anything to",2,1
"187",187,"<> and a <> and",2,0.117647058823529
"188",188,"just got home from work",2,0.666666666666667
"189",189,"<> who grew up in",3,1
"190",190,"the state board of education",2,1
"191",191,"and <> on <> <>",2,1
"192",192,"a <> <> in the",3,0.375
"193",193,"gonna be a great day",2,0.666666666666667
"194",194,"how a bill could be",2,1
"195",195,"year they'll make it big",2,1
"196",196,"it was the <> of",3,0.75
"197",197,"i fell in love with",2,1
"198",198,"a <> <> with <>",2,0.4
"199",199,"to make the <> more",2,0.666666666666667
"200",200,"a very important role in",2,1
"201",201,"top shelf grams for a",2,1
"202",202,"going to be <> <>",2,0.4
"203",203,"i grew up in the",2,1
"204",204,"<> <> to the <>",5,0.416666666666667
"205",205,"in the district of columbia",2,1
"206",206,"in <> <> <> is",2,0.133333333333333
"207",207,"student trying to understand <>",2,1
"208",208,"the things that are seen",2,0.5
"209",209,"thanks for the shout out",2,1
"210",210,"at usd vs previous usd",2,1
"211",211,"<> <> <> is the",2,0.142857142857143
"212",212,"to <> <> to the",2,0.5
"213",213,"level <> cost <> seconds",2,1
"214",214,"<> his <> <> <>",2,1
"215",215,"such as <> <> <>",3,0.6
"216",216,"of <> <> <> the",3,0.1
"217",217,"<> <> <> <> my",2,0.00985221674876847
"218",218,"bake at degrees for minutes",2,1
"219",219,"to the <> of the",2,0.333333333333333
"220",220,"to do with the <>",3,0.6
"221",221,"and the <> and <>",2,0.5
"222",222,"<> in the united states",2,1
"223",223,"<> and <> and other",2,0.1
"224",224,"understand <> while being taught",2,1
"225",225,"be given a warning or",2,1
"226",226,"is yet another example of",2,1
"227",227,"in the <> is <>",2,0.666666666666667
"228",228,"<> <> is so <>",2,0.666666666666667
"229",229,"we are going to do",3,0.6
"230",230,"to multiple requests for comment",2,1
"231",231,"care of the little things",2,1
"232",232,"is going to be a",3,0.2
"233",233,"<> the <> to <>",2,0.4
"234",234,"<> and <> <> <>",14,0.147368421052632
"235",235,"the united states of america",2,1
"236",236,"roses are red violets are",2,1
"237",237,"sorry for your loss <>",2,1
"238",238,"his name if he had",2,1
"239",239,"the things that last forever",2,1
"240",240,"know what you're talking about",2,1
"241",241,"get out of this school",4,1
"242",242,"<> <> and <> to",3,0.0258620689655172
"243",243,"do with the water supply",2,1
"244",244,"after three days and three",2,1
"245",245,"three days and three nights",2,1
"246",246,"i haven't heard of anyone",2,1
"247",247,"<> and lots of <>",2,1
"248",248,"contract as proof they <>",2,1
"249",249,"my <> <> <> <>",3,0.375
"250",250,"had such a great time",2,0.666666666666667
"251",251,"never had anything to do",2,1
"252",252,"for the things we did",2,1
"253",253,"over the years i have",3,0.75
"254",254,"some <> <> in the",2,1
"255",255,"drunk and she's all about",2,1
"256",256,"<> <> into the <>",2,0.4
"257",257,"<> <> <> <> all",2,0.00985221674876847
"258",258,"being <> by <> <>",2,1
"259",259,"until the end of the",2,1
"260",260,"the end of the month",2,0.0769230769230769
"261",261,"the fact that the <>",2,0.666666666666667
"262",262,"average unemployment rate for teens",2,1
"263",263,"<> for <> <> <>",2,0.166666666666667
"264",264,"<> <> <> said in",2,0.333333333333333
"265",265,"wants them to understand <>",2,1
"266",266,"to shut the fuck up",2,1
"267",267,"<> that in a <>",2,1
"268",268,"degrees for minutes or until",2,1
"269",269,"for his <> <> and",2,1
"270",270,"<> for a new <>",2,1
"271",271,"regret for the things we",2,1
"272",272,"you need to go to",2,1
"273",273,"are you going to be",2,0.285714285714286
"274",274,"coaches are asked about her",2,1
"275",275,"it feels like a <>",2,1
"276",276,"was one of the most",3,0.75
"277",277,"<> will be a <>",2,1
"278",278,"<> and <> <> in",4,0.0421052631578947
"279",279,"the end of the day",4,0.153846153846154
"280",280,"<> <> toward the <>",2,1
"281",281,"nothing is very hard to",2,1
"282",282,"their <> <> and <>",2,0.666666666666667
"283",283,"more than percent of the",4,1
"284",284,"<> to <> on the",3,0.428571428571429
"285",285,"the <> <> and a",2,0.0740740740740741
"286",286,"came to an end and",2,1
"287",287,"oh i would like that",2,1
"288",288,"with the <> <> <>",5,0.357142857142857
"289",289,"do you never know when",2,1
"290",290,"shock and <> because i",2,1
"291",291,"in the <> that are",2,1
"292",292,"the fault in our stars",2,1
"293",293,"kid is such a <>",2,1
"294",294,"the <> more and more",2,1
"295",295,"at the time of the",4,0.8
"296",296,"but the bottom line is",2,1
"297",297,"just finished a mi run",3,1
"298",298,"for a job well done",2,1
"299",299,"a mi run with nike",2,0.666666666666667
"300",300,"<> <> <> into the",3,0.5
"301",301,"from the <> <> <>",3,0.157894736842105
"302",302,"and go to the gym",2,1
"303",303,"he had never had anything",2,1
"304",304,"generation shall praise thy works",3,1
"305",305,"can someone give me a",2,1
"306",306,"may not be able to",2,1
"307",307,"<> <> the <> <>",10,0.294117647058824
"308",308,"from the rest of the",2,1
"309",309,"for quite some time and",2,1
"310",310,"there is no way to",3,0.5
"311",311,"us know if we can",2,1
"312",312,"in the middle of the",5,0.384615384615385
"313",313,"a <> <> that <>",2,0.333333333333333
"314",314,"overall to the indianapolis colts",2,1
"315",315,"<> <> and <> of",3,0.0258620689655172
"316",316,"an infringing act is committed",2,1
"317",317,"the water supply contract he",2,1
"318",318,"drink of the living water",2,1
"319",319,"due to the anniversary of",2,1
"320",320,"<> is a <> <>",2,0.285714285714286
"321",321,"a <> of <> <>",2,0.2
"322",322,"a half days a week",2,1
"323",323,"the <> <> on <>",3,0.333333333333333
"324",324,"the third leading cause of",2,1
"325",325,"would love to see the",2,1
"326",326,"there seems to be a",2,1
"327",327,"and a half days a",2,0.666666666666667
"328",328,"issue was not about whether",2,1
"329",329,"hits with a walk and",2,1
"330",330,"on the <> with <>",2,0.666666666666667
"331",331,"a good time to tell",2,1
"332",332,"<> the rest of the",2,1
"333",333,"a <> at <> <>",2,0.5
"334",334,"would work together to build",2,1
"335",335,"with her <> <> <>",2,1
"336",336,"may the fourth be with",2,1
"337",337,"is the <> of <>",2,0.222222222222222
"338",338,"like a lot of fun",2,1
"339",339,"the <> <> <> a",2,0.0285714285714286
"340",340,"<> for the <> and",3,0.15
"341",341,"easy to work with later",2,1
"342",342,"that i have a <>",2,0.666666666666667
"343",343,"for being such a great",2,1
"344",344,"the top of the pan",2,0.285714285714286
"345",345,"that means it's time for",2,1
"346",346,"but if you want to",2,1
"347",347,"to do you never know",2,1
"348",348,"a teacher who wants them",2,1
"349",349,"it's gonna be a great",2,1
"350",350,"the <> for the <>",2,0.4
"351",351,"home ice <> boston globe",2,1
"352",352,"the first half of the",2,0.666666666666667
"353",353,"today was the first day",2,1
"354",354,"of the pan am building",2,1
"355",355,"of the <> of <>",3,0.230769230769231
"356",356,"to work with later on",2,1
"357",357,"the life of a <>",2,1
"358",358,"i've been getting ready for",2,1
"359",359,"we are not going to",2,1
"360",360,"gloves <> <> golf gloves",2,1
"361",361,"and <> of the <>",2,0.5
"362",362,"return to their original shape",2,1
"363",363,"on the <> and <>",2,0.285714285714286
"364",364,"to a <> audience in",2,1
"365",365,"is the <> <> <>",3,0.5
"366",366,"thank you so much for",4,0.666666666666667
"367",367,"with the water supply contract",2,1
"368",368,"while being taught by a",2,1
"369",369,"night at the anchor bar",2,1
"370",370,"of <> and <> the",2,0.105263157894737
"371",371,"over the past few years",2,0.5
"372",372,"going to sound like a",2,1
"373",373,"a trip to the <>",2,1
"374",374,"i'm a big fan of",2,0.666666666666667
"375",375,"i love how it turned",2,1
"376",376,"<> in <> and <>",4,0.5
"377",377,"was as <> as a",2,1
"378",378,"only thing i want to",2,1
"379",379,"why am i such a",2,1
"380",380,"as one of the premier",2,0.333333333333333
"381",381,"one of the most impressive",2,0.1
"382",382,"name if he had never",2,1
"383",383,"<> who lives in <>",2,1
"384",384,"the anniversary of the death",2,0.4
"385",385,"people that answer the bell",2,1
"386",386,"have to find a way",2,1
"387",387,"a year and a half",2,1
"388",388,"i was going to be",2,0.333333333333333
"389",389,"is a great way to",2,0.666666666666667
"390",390,"of a <> in the",2,1
"391",391,"to be <> so i",2,1
"392",392,"a lot of credit for",2,1
"393",393,"lot of credit for the",2,1
"394",394,"i think you should go",2,0.666666666666667
"395",395,"<> in the <> and",4,0.0909090909090909
"396",396,"oh and by the way",2,1
"397",397,"of the rest of the",2,1
"398",398,"<> so that they can",2,1
"399",399,"and watch <> <> <>",2,1
"400",400,"i'll admit i was <>",2,1
"401",401,"to the delight of a",2,1
"402",402,"the <> of <> may",2,0.0444444444444444
"403",403,"it's good to be back",2,1
"404",404,"thanks for the follow back",2,0.0689655172413793
"405",405,"of <> in the morning",2,0.222222222222222
"406",406,"be a <> for the",2,0.666666666666667
"407",407,"<> and the <> is",3,0.0714285714285714
"408",408,"<> <> <> on a",2,0.111111111111111
"409",409,"and she's all about it",2,1
"410",410,"in the car for a",2,1
"411",411,"for the <> <> <>",4,0.235294117647059
"412",412,"spoke to them to ask",2,1
"413",413,"am i the only one",5,0.833333333333333
"414",414,"fact of the matter is",2,1
"415",415,"the end of the week",2,0.0769230769230769
"416",416,"so much for the mention",2,0.285714285714286
"417",417,"judgment comes from experience and",2,1
"418",418,"lost cents to per gallon",2,0.666666666666667
"419",419,"i <> a <> <>",2,0.666666666666667
"420",420,"<> is if you don't",2,1
"421",421,"<> for <> of <>",3,0.75
"422",422,"<> and its <> <>",2,1
"423",423,"receive a free glass of",2,1
"424",424,"the <> was <> and",2,0.5
"425",425,"in which <> <> <>",2,0.666666666666667
"426",426,"that <> is an important",2,1
"427",427,"i was <> with the",2,1
"428",428,"this kid is such a",2,1
"429",429,"able to do <> <>",2,1
"430",430,"<> its <> in the",2,1
"431",431,"both the <> and <>",2,0.666666666666667
"432",432,"to be the <> of",3,0.75
"433",433,"for those of us who",2,1
"434",434,"with a <> <> to",2,0.153846153846154
"435",435,"you never know when you're",2,1
"436",436,"<> <> to a <>",3,0.6
"437",437,"with a good <> of",2,1
"438",438,"hope you're having a great",3,0.75
"439",439,"you were asked to do",2,1
"440",440,"could be in his name",2,1
"441",441,"having a hard time <>",2,1
"442",442,"proof they <> for the",2,1
"443",443,"i pray that she understands",2,0.666666666666667
"444",444,"the <> and <> <>",8,0.210526315789474
"445",445,"<> with their <> <>",2,1
"446",446,"the two <> <> <>",2,1
"447",447,"that <> the <> <>",2,0.285714285714286
"448",448,"being taught by a teacher",2,1
"449",449,"us know if you need",2,0.666666666666667
"450",450,"<> for <> <> i",2,0.166666666666667
"451",451,"<> as well as a",3,0.230769230769231
"452",452,"see what we can do",2,1
"453",453,"know when you're finished <>",2,1
"454",454,"the <> on a <>",3,0.6
"455",455,"<> <> <> i love",2,0.25
"456",456,"a <> <> at a",2,0.5
"457",457,"<> or <> the <>",2,0.666666666666667
"458",458,"to get out of this",4,0.571428571428571
"459",459,"<> <> the mayor of",2,1
"460",460,"the end of the year",2,0.0769230769230769
"461",461,"and asked if i was",2,0.666666666666667
"462",462,"<> high school rock off",2,1
"463",463,"from the comfort of your",2,1
"464",464,"a lot of the time",2,1
"465",465,"i had such a great",2,1
"466",466,"by the <> <> <>",2,0.333333333333333
"467",467,"had so much fun at",2,0.666666666666667
"468",468,"has his or its <>",2,1
"469",469,"<> under the weight of",2,1
"470",470,"<> of <> high school",2,1
"471",471,"the <> <> <> it",2,0.0285714285714286
"472",472,"the <> oh my god",2,1
"473",473,"a couple of weeks ago",2,1
"474",474,"in the top of the",2,1
"475",475,"here are some <> from",2,1
"476",476,"comes from experience and experience",2,1
"477",477,"he spoke to them to",2,1
"478",478,"<> <> <> and a",3,0.0447761194029851
"479",479,"<> in a <> <>",2,0.125
"480",480,"<> is the second <>",2,1
"481",481,"him he was going to",2,1
"482",482,"i hate it when people",2,0.5
"483",483,"would have liked to have",2,1
"484",484,"serve with <> <> <>",2,1
"485",485,"a way that no one",2,1
"486",486,"you all have a wonderful",2,1
"487",487,"is going to <> <>",2,1
"488",488,"a bill could be in",2,1
"489",489,"pasta <> pasta <> pasta",2,1
"490",490,"<> in the <> of",4,0.0909090909090909
"491",491,"<> and goat cheese salad",2,1
"492",492,"on either side of the",2,0.666666666666667
"493",493,"<> so it should be",2,1
"494",494,"the rest of the world",2,0.0909090909090909
"495",495,"<> thanks for the follow",3,0.6
"496",496,"to make sure i am",2,1
"497",497,"<> on <> the <>",2,0.666666666666667
"498",498,"today is going to be",2,1
"499",499,"of the <> and we",2,0.117647058823529
"500",500,"know they won't be facing",2,1
"501",501,"to do with the water",2,0.4
"502",502,"and told him it was",2,1
"503",503,"the <> for <> of",2,0.333333333333333
"504",504,"to make a difference in",2,0.666666666666667
"505",505,"<> there are so many",2,1
"506",506,"<> <> as a <>",2,0.333333333333333
"507",507,"that looks like a <>",2,1
"508",508,"this school i need to",3,1
"509",509,"<> trying to figure out",2,1
"510",510,"had anything to do with",2,1
"511",511,"if i am going to",2,1
"512",512,"<> which is <> by",2,0.666666666666667
"513",513,"a <> game in <>",2,1
"514",514,"in his name if he",2,1
"515",515,"and the <> <> of",2,0.117647058823529
"516",516,"there is a lot of",3,1
"517",517,"<> to a <> <>",2,0.25
"518",518,"been getting ready for the",2,1
"519",519,"the block of <> avenue",2,0.333333333333333
"520",520,"trying to figure out what",2,0.4
"521",521,"trying to understand <> while",2,1
"522",522,"<> with a <> <>",3,0.272727272727273
"523",523,"and <> down the court",2,1
"524",524,"i was able to do",2,0.5
"525",525,"<> and <> a <>",2,0.333333333333333
"526",526,"<> <> <> <> and",19,0.0935960591133005
"527",527,"i just finished a mi",3,1
"528",528,"it is the result of",2,1
"529",529,"<> <> and <> that",3,0.0258620689655172
"530",530,"<> from around the world",2,1
"531",531,"<> at the end of",5,1
"532",532,"for <> can't wait to",2,1
"533",533,"<> in the <> river",3,0.0681818181818182
"534",534,"finished a mi run with",3,1
"535",535,"<> to commit murder and",2,1
"536",536,"push <> <> woo woo",2,1
"537",537,"<> of error of plus",2,1
"538",538,"make the <> more and",2,1
"539",539,"with a <> and a",3,0.6
"540",540,"to <> <> and <>",3,0.3
"541",541,"<> and <> about the",2,1
"542",542,"by a teacher who wants",2,1
"543",543,"up to years in prison",2,1
"544",544,"<> does not <> to",2,1
"545",545,"if you want to see",2,0.166666666666667
"546",546,"<> <> chicago <> <>",2,1
"547",547,"to take my refuge <>",2,1
"548",548,"<> <> on <> <>",4,0.307692307692308
"549",549,"don't know whether to be",2,1
"550",550,"let us know if we",2,0.333333333333333
"551",551,"<> that the <> <>",2,0.4
"552",552,"very hard to do you",2,1
"553",553,"the <> <> in <>",3,0.333333333333333
"554",554,"<> <> <> and the",5,0.0746268656716418
"555",555,"<> <> and an <>",2,1
"556",556,"had a lot of fun",2,0.666666666666667
"557",557,"what i believe is a",2,1
"558",558,"and generation shall praise thy",2,1
"559",559,"know what to do with",3,0.428571428571429
"560",560,"<> sauce with the <>",2,1
"561",561,"that this is the <>",2,0.666666666666667
"562",562,"at the <> of <>",2,0.2
"563",563,"<> and <> <> who",3,0.0315789473684211
"564",564,"from <> <> <> and",2,0.4
"565",565,"to <> their <> to",2,0.5
"566",566,"the <> rate was the",2,1
"567",567,"harry <> and the <>",2,1
"568",568,"had a great time at",2,0.285714285714286
"569",569,"stories of a girl who",2,1
"570",570,"as proof they <> for",2,1
"571",571,"my <> and <> are",2,0.5
"572",572,"<> <> that is <>",2,0.5
"573",573,"<> <> <> through the",2,1
"574",574,"<> while being taught by",2,1
"575",575,"i got a new number",2,1
"576",576,"across the street from the",2,1
"577",577,"not so bad for the",2,1
"578",578,"<> <> <> <> on",4,0.0197044334975369
"579",579,"homer of the season and",2,0.666666666666667
"580",580,"of the block of <>",2,0.666666666666667
"581",581,"the <> of an <>",3,0.6
"582",582,"i was in <> <>",2,1
"583",583,"<> was <> and <>",2,0.666666666666667
"584",584,"it's a book for kids",2,0.666666666666667
"585",585,"of the <> <> is",2,0.0363636363636364
"586",586,"all of those things and",2,1
"587",587,"the <> house of representatives",2,1
"588",588,"to get back to my",2,0.666666666666667
"589",589,"on the road to <>",2,0.666666666666667
"590",590,"to <> from the <>",2,0.666666666666667
"591",591,"thanks for the follow <>",5,0.172413793103448
"592",592,"a few <> in the",3,1
"593",593,"<> to <> an <>",3,1
"594",594,"on the block of <>",2,1
"595",595,"thanks for the <> and",3,0.272727272727273
"596",596,"or <> <> or <>",2,0.5
"597",597,"good luck in the <>",2,1
"598",598,"that he tried to hire",2,1
"599",599,"it was a <> and",2,0.222222222222222
"600",600,"to them to ask how",2,1
"601",601,"<> has his or its",2,1
"602",602,"<> <> <> <> or",3,0.0147783251231527
"603",603,"hope everyone has a <>",2,0.285714285714286
"604",604,"i may have to <>",2,0.666666666666667
"605",605,"one of the joys of",2,1
"606",606,"at a charter school for",2,1
"607",607,"<> <> <> <> that",2,0.00985221674876847
"608",608,"to the <> we have",2,0.666666666666667
"609",609,"i hope you feel better",2,0.666666666666667
"610",610,"sauce with the <> <>",2,1
"611",611,"<> and <> <> to",4,0.0421052631578947
"612",612,"need a new word for",2,1
"613",613,"we will have to go",2,1
"614",614,"everything is going to be",2,1
"615",615,"a book for kids who",2,1
"616",616,"like <> <> <> <>",2,0.5
"617",617,"so many people on twitter",2,1
"618",618,"have a long way to",2,1
"619",619,"from the <> <> and",2,0.105263157894737
"620",620,"<> but i managed to",2,1
"621",621,"the first two games of",2,1
"622",622,"perry in a position to",2,1
"623",623,"<> <> sauce with the",2,1
"624",624,"the global war on <>",2,1
"625",625,"hard to do you never",2,1
"626",626,"at the same time <>",2,0.2
"627",627,"at the philadelphia museum of",2,1
"628",628,"of <> the <> <>",2,0.4
"629",629,"means it's time for <>",2,1
"630",630,"<> of <> and <>",3,0.333333333333333
"631",631,"does it mean to be",2,0.666666666666667
"632",632,"of <> to commit murder",2,1
"633",633,"i don't think they can",2,1
"634",634,"a series of <> <>",2,0.4
"635",635,"<> <> would not be",2,1
"636",636,"i would have loved to",2,1
"637",637,"with the <> of a",2,0.285714285714286
"638",638,"the most <> <> in",2,0.5
"639",639,"so happy to see you",2,0.666666666666667
"640",640,"as well thanks for the",2,1
"641",641,"for the <> and told",2,0.25
"642",642,"for the rest of the",4,0.571428571428571
"643",643,"more direct <> of the",2,1
"644",644,"can't wait to see them",2,0.2
"645",645,"a <> for the <>",2,0.5
"646",646,"<> <> <> oh my",2,1
"647",647,"i was telling you about",2,1
"648",648,"i came up with the",2,1
"649",649,"the <> of its <>",2,0.666666666666667
"650",650,"that awkward moment when you",5,0.625
"651",651,"corner of <> avenue and",2,1
"652",652,"i would love to see",2,0.285714285714286
"653",653,"<> <> is scheduled to",2,1
"654",654,"is very hard to do",2,1
"655",655,"<> <> <> that will",2,0.2
"656",656,"<> on the other side",3,0.5
"657",657,"<> the importance of <>",2,0.666666666666667
"658",658,"we need a new word",2,1
"659",659,"we can't wait to see",2,1
"660",660,"work so far bout to",2,1
"661",661,"in the <> of an",2,0.125
"662",662,"<> <> <> <> a",4,0.0197044334975369
"663",663,"like <> <> and <>",2,1
"664",664,"<> to <> <> <>",3,0.1875
"665",665,"gives us the opportunity to",2,1
"666",666,"was a bit of a",2,1
"667",667,"<> of <> to <>",2,0.4
"668",668,"the fourth be with you",2,1
"669",669,"on our way to the",2,1
"670",670,"the fact of the matter",2,1
"671",671,"check us out at <>",2,1
"672",672,"<> or <> <> <>",4,0.285714285714286
"673",673,"<> and <> the <>",3,0.25
"674",674,"and the <> of <>",3,0.25
"675",675,"<> of the <> among",2,0.0487804878048781
"676",676,"more than the world shares",2,1
"677",677,"to be <> by a",2,1
"678",678,"anniversary of the death of",2,1
"679",679,"when you have a <>",2,0.5
"680",680,"the <> and <> that",2,0.0526315789473684
"681",681,"at the <> <> <>",2,0.166666666666667
"682",682,"hey thanks for the follow",2,0.666666666666667
"683",683,"<> so happy to see",2,1
"684",684,"<> and <> it on",2,0.666666666666667
"685",685,"don't forget to register for",2,1
"686",686,"it gives us the opportunity",2,1
"687",687,"for minutes or until a",2,0.666666666666667
"688",688,"has a lot of <>",2,0.666666666666667
"689",689,"fall asleep at the <>",2,1
"690",690,"is actor <> <> is",2,1
"691",691,"the <> <> of a",2,0.0689655172413793
"692",692,"is a <> of the",2,0.4
"693",693,"them to ask how a",2,1
"694",694,"a <> <> and <>",4,0.307692307692308
"695",695,"as a <> and <>",2,0.5
"696",696,"<> and topped with <>",2,0.666666666666667
"697",697,"with <> <> <> a",2,0.105263157894737
"698",698,"the same holds true for",2,1
"699",699,"told him it was <>",2,1
"700",700,"when i was a kid",2,0.666666666666667
"701",701,"the inside of the <>",2,0.5
"702",702,"with intellectual and developmental disabilities",2,1
"703",703,"in the context of the",2,1
"704",704,"that led to the <>",2,1
"705",705,"i need to get my",3,0.375
"706",706,"those that fall from the",2,1
"707",707,"i don't think we got",2,1
"708",708,"<> of <> in the",2,0.4
"709",709,"in the <> let me",2,1
"710",710,"<> and <> to the",4,0.173913043478261
"711",711,"<> through the month of",2,1
"712",712,"i might not have had",2,1
"713",713,"a passion for the game",2,1
"714",714,"it was hard to see",2,0.5
"715",715,"a student trying to understand",2,1
"716",716,"to keep an eye on",2,1
"717",717,"<> <> <> for the",2,0.166666666666667
"718",718,"this is going to be",3,1
"719",719,"<> and a bit of",3,0.75
"720",720,"them as a <> <>",2,1
"721",721,"try to <> the <>",2,1
"722",722,"to <> those who do",2,0.666666666666667
"723",723,"<> is going to be",2,0.666666666666667
"724",724,"<> or <> or <>",2,0.333333333333333
"725",725,"the <> is a <>",2,0.4
"726",726,"the philadelphia museum of art",2,1
"727",727,"<> <> and goat cheese",2,1
"728",728,"is the second <> <>",2,1
"729",729,"the <> and <> tonight",2,0.0526315789473684
"730",730,"both <> and the <>",2,1
"731",731,"<> told him he was",2,1
"732",732,"<> <> was <> the",3,0.375
"733",733,"on the wall of the",2,0.666666666666667
"734",734,"<> by the fact that",2,1
"735",735,"a huge difference in my",2,1
"736",736,"<> such as <> <>",3,0.5
"737",737,"and <> and <> and",5,0.416666666666667
"738",738,"<> and i love you",2,0.666666666666667
"739",739,"<> in the middle of",3,1
"740",740,"to ask how a bill",2,1
"741",741,"the <> and the <>",11,0.647058823529412
"742",742,"i can tell you that",2,0.5
"743",743,"<> the <> of a",2,0.0909090909090909
"744",744,"when you're finished <> <>",2,1
"745",745,"the one thing that <>",2,1
"746",746,"<> by the <> <>",2,0.333333333333333
"747",747,"at the center of the",2,1
"748",748,"if you don't want anything",2,0.5
"749",749,"<> <> and ben <>",3,1
"750",750,"<> from the old <>",2,1
"751",751,"out of this school i",3,0.75
"752",752,"the fall lower in the",2,1
"753",753,"i wake up from a",2,1
"754",754,"<> with some <> <>",3,0.6
"755",755,"a brand new <> <>",2,1
"756",756,"and so far so good",2,1
"757",757,"know what it is but",2,0.666666666666667
"758",758,"is the right thing to",2,1
"759",759,"<> in <> <> black",2,0.0869565217391304
"760",760,"the <> <> <> in",2,0.0285714285714286
"761",761,"<> of <> <> <>",6,0.171428571428571
"762",762,"in all it was a",2,1
"763",763,"you have no idea how",2,1
"764",764,"all the moms out there",2,1
"765",765,"i hope you all have",2,1
"766",766,"to <> out of receiving",2,1
"767",767,"teacher who wants them to",2,1
"768",768,"<> <> just called me",2,1
"769",769,"<> <> <> is <>",2,0.142857142857143
"770",770,"and see what we can",2,1
"771",771,"the <> of the <>",14,0.269230769230769
"772",772,"premise of the story is",2,1
"773",773,"is one of the best",2,0.2
"774",774,"<> to <> <> and",3,0.1875
"775",775,"but i have to go",2,0.666666666666667
"776",776,"hope you all have a",2,1
"777",777,"as one of the most",2,0.333333333333333
"778",778,"you going to the game",2,1
"779",779,"at the end of the",9,0.5625
"780",780,"anything to do with the",2,1
"781",781,"the <> to <> the",2,0.25
"782",782,"<> last i checked we",2,1
"783",783,"to understand <> while being",2,1
"784",784,"the <> to get <>",2,0.666666666666667
"785",785,"cremation burials in <> and",2,1
"786",786,"chicago <> <> chicago <>",2,1
"787",787,"i want to check out",2,0.666666666666667
"788",788,"<> <> and <> will",2,0.0172413793103448
"789",789,"was <> by <> and",2,0.666666666666667
"790",790,"taught by a teacher who",2,1
"791",791,"is just around the corner",2,1
"792",792,"he was charged with <>",2,0.666666666666667
"793",793,"in the block of <>",2,0.5
"794",794,"i was pretty happy with",2,1
"795",795,"<> for the rest of",2,1
"796",796,"i don't know what to",3,0.375
"797",797,"are a sign of <>",2,0.666666666666667
"798",798,"i'm not a fan of",3,1
"799",799,"who wants them to understand",2,1
"800",800,"us know what you are",2,1
"801",801,"<> <> <> his <>",2,1
"802",802,"the <> asked <> if",2,1
"803",803,"a <> to the <>",2,0.5
"804",804,"<> with a slice of",2,1
"805",805,"who grew up in <>",2,0.666666666666667
"806",806,"<> <> the department said",2,1
"807",807,"to make sense of <>",2,1
"808",808,"<> all of the <>",2,0.666666666666667
"809",809,"to <> the <> of",3,0.157894736842105
"810",810,"thank you for the follow",3,0.230769230769231
"811",811,"is going to be <>",2,0.133333333333333
"812",812,"<> <> <> to <>",3,0.1875
"813",813,"you are part of the",2,1
"814",814,"<> <> to <> as",2,0.153846153846154
"815",815,"in a way that no",2,0.666666666666667
"816",816,"<> <> director of the",2,0.333333333333333
"817",817,"such as the <> <>",2,0.666666666666667
"818",818,"<> <> by <> <>",4,0.5
"819",819,"the <> <> over the",2,1
"820",820,"<> night at the anchor",2,0.666666666666667
"821",821,"it's hard to believe that",2,0.666666666666667
"822",822,"use the same <> <>",2,1
"823",823,"i wish i had a",2,0.666666666666667
"824",824,"<> the <> <> and",5,0.15625
"825",825,"by <> which is <>",2,1
"826",826,"of the <> <> on",2,0.0363636363636364
"827",827,"to go to the <>",2,0.25
"828",828,"for the first time since",2,0.153846153846154
"829",829,"will provide a home for",2,1
"830",830,"<> with <> and i",2,0.333333333333333
"831",831,"<> is actor <> <>",2,1
"832",832,"i had the pleasure of",2,1
"833",833,"would be able to do",2,0.666666666666667
"834",834,"more about the <> and",2,1
"835",835,"<> <> <> <> to",2,0.00985221674876847
"836",836,"to learn more about the",2,1
"837",837,"the good news is that",2,1
"838",838,"<> <> <> and more",3,0.0447761194029851
"839",839,"the <> <> of <>",8,0.275862068965517
"840",840,"bar <> <> and <>",2,1
"841",841,"<> and former u.s attorney",2,1
"842",842,"i don't want to do",2,0.285714285714286
"843",843,"<> there appeared to be",2,1
"844",844,"the <> <> <> is",2,0.0285714285714286
"845",845,"the tip of the <>",2,0.666666666666667
"846",846,"<> on the <> <>",2,0.0952380952380952
"847",847,"for the follow and the",2,0.5
"848",848,"a <> <> at the",2,0.5
"849",849,"the top <> in the",2,1
"850",850,"as a result of his",2,0.285714285714286
"851",851,"<> and the <> hit",2,0.0476190476190476
"852",852,"in which the <> has",2,1
"853",853,"<> if you want to",2,1
"854",854,"thanks for the follow and",3,0.103448275862069
"855",855,"we are <> for <>",2,1
"856",856,"was a <> and it",2,0.5
"857",857,"who is a <> <>",2,1
"858",858,"the time of my life",2,1
"859",859,"<> <> was a good",2,0.333333333333333
"860",860,"and i just had to",2,1
"861",861,"the concept of <> <>",2,0.666666666666667
"862",862,"and <> in <> love",2,0.5
"863",863,"thanks so much for the",5,0.555555555555556
"864",864,"look at me like i",2,0.666666666666667
"865",865,"mother's day to all the",2,1
"866",866,"and the rest of the",2,0.666666666666667
"867",867,"<> <> <> in a",2,0.111111111111111
"868",868,"i don't feel like <>",2,0.666666666666667
"869",869,"wake up from a nap",2,1
"870",870,"of this school i need",3,1
"871",871,"occurred to me that there",2,0.666666666666667
"872",872,"the rest of your life",2,0.5
"873",873,"of the top <> in",2,1
"874",874,"a lot of <> and",2,0.117647058823529
"875",875,"<> by <> and <>",2,0.5
"876",876,"<> pasta <> pasta <>",2,0.666666666666667
"877",877,"tell you about the time",2,1
"878",878,"for <> <> in the",2,0.4
"879",879,"be a lot of <>",2,0.666666666666667
"880",880,"i will keep a clean",2,1
"881",881,"<> <> <> <> is",2,0.00985221674876847
"882",882,"<> as part of an",2,0.666666666666667
"883",883,"of <> <> from the",3,0.75
"884",884,"years in prison and a",2,1
"885",885,"<> he said there is",2,1
"886",886,"<> the amount the <>",2,1
"887",887,"use a <> <> image",2,0.666666666666667
"888",888,"thank you for your support",2,0.5
"889",889,"<> she told me she",2,1
"890",890,"have a drink with you",2,0.666666666666667
"891",891,"and it was hard to",2,1
"892",892,"what's the name of the",2,0.666666666666667
"893",893,"in front of the <>",2,0.333333333333333
"894",894,"<> <> director of <>",3,0.5
"895",895,"<> <> on a <>",2,0.666666666666667
"896",896,"<> to keep the <>",2,0.666666666666667
"897",897,"but not all of the",2,1
"898",898,"that makes me want to",2,1
"899",899,"that they can get the",2,1
"900",900,"i put the <> on",2,1
"901",901,"a couple of years ago",2,0.333333333333333
"902",902,"the <> and <> to",2,0.0526315789473684
"903",903,"<> said <> a <>",2,0.666666666666667
"904",904,"and <> <> and wildlife",2,0.142857142857143
"905",905,"the issue was not about",2,1
"906",906,"to all our new followers",2,1
"907",907,"he was a great <>",2,0.666666666666667
"908",908,"<> the scene of a",2,0.666666666666667
"909",909,"don't mind if i do",2,0.666666666666667
"910",910,"thank you for the retweet",2,0.153846153846154
"911",911,"up the <> for the",2,0.666666666666667
"912",912,"<> of the <> and",3,0.0731707317073171
"913",913,"one says it is a",2,1
"914",914,"the end of my <>",2,0.666666666666667
"915",915,"to drink of the living",2,1
"916",916,"more <> and more <>",2,1
"917",917,"the <> word for me",2,1
"918",918,"<> <> <> and <>",31,0.462686567164179
"919",919,"with <> of the <>",2,1
"920",920,"turn out to be the",2,0.5
"921",921,"full of <> and <>",2,1
"922",922,"<> <> <> down and",2,1
"923",923,"end of the <> <>",2,1
"924",924,"this week on the <>",2,1
"925",925,"is the <> of the",2,0.222222222222222
"926",926,"a little <> <> to",2,0.666666666666667
"927",927,"i would love to have",2,0.285714285714286
"928",928,"<> is actress <> <>",2,1
"929",929,"i don't have much of",2,1
"930",930,"have <> <> <> <>",2,0.666666666666667
"931",931,"and <> <> in the",3,0.428571428571429
"932",932,"<> i am not a",2,1
"933",933,"a <> <> as well",2,0.333333333333333
"934",934,"thank you to everyone who",3,0.6
"935",935,"<> <> is open to",2,1
"936",936,"<> to help you <>",2,1
"937",937,"a lot on my mind",2,1
"938",938,"i love you so much",3,1
"939",939,"of <> as well as",2,1
"940",940,"i the only one who",2,0.4
"941",941,"is one of the <>",3,0.3
"942",942,"<> <> of <> <>",9,0.28125
"943",943,"and a <> <> and",2,0.181818181818182
"944",944,"<> <> and the <>",12,0.48
"945",945,"to be a part of",2,1
"946",946,"but i thought she was",2,1
"947",947,"what does it mean to",2,1
"948",948,"robert <> funeral cremation chapel",2,1
"949",949,"one of the biggest <>",2,1
"950",950,"if the <> had <>",2,0.666666666666667
"951",951,"what happened in the <>",2,0.666666666666667
"952",952,"<> of <> may be",2,1
"953",953,"as well as the <>",2,0.5
"954",954,"<> funeral cremation chapel orlando",2,1
"955",955,"needs to be <> in",2,0.5
"956",956,"<> <> <> in <>",2,0.111111111111111
"957",957,"<> is more of a",2,1
"958",958,"that <> committed the murders",2,1
"959",959,"them to understand <> is",2,1
"960",960,"the cremation burials in <>",2,1
"961",961,"is a <> <> <>",2,0.222222222222222
"962",962,"<> <> with <> <>",3,0.333333333333333
"963",963,"the <> are similar in",2,1
"964",964,"<> to <> as a",2,0.666666666666667
"965",965,"with their <> <> and",2,0.5
"966",966,"the end of the <>",2,0.0769230769230769
"967",967,"<> team <> <> <>",2,1
"968",968,"to be able to <>",2,0.181818181818182
"969",969,"been on a first <>",2,1
"970",970,"the <> has his or",2,1
"971",971,"the <> on the <>",2,0.285714285714286
"972",972,"<> <> <> <> for",3,0.0147783251231527
"973",973,"the <> of <> in",2,0.0444444444444444
"974",974,"<> <> to try to",2,1
"975",975,"<> <> or the <>",2,1
"976",976,"<> <> on the <>",4,0.222222222222222
"977",977,"the <> <> <> the",4,0.0571428571428571
"978",978,"of <> and a <>",2,0.5
"979",979,"some of the <> are",2,0.222222222222222
"980",980,"thank you for the #ff",2,0.153846153846154
"981",981,"included <> <> <> <>",2,1
"982",982,"<> are a sign of",2,1
"983",983,"just the tip of the",2,1
"984",984,"with a <> and <>",2,0.4
"985",985,"his <> <> <> was",2,0.4
"986",986,"<> <> and a bit",2,0.181818181818182
"987",987,"take a look at the",2,0.5
"988",988,"<> has a lot of",2,0.666666666666667
"989",989,"the <> <> and <>",5,0.185185185185185
"990",990,"i want to be a",2,0.333333333333333
"991",991,"<> <> has been named",2,0.666666666666667
"992",992,"be able to do that",2,0.4
"993",993,"hope you guys had a",2,0.666666666666667
"994",994,"and <> of <> <>",2,0.2
"995",995,"don't want to be <>",2,0.5
"996",996,"of the season and <>",2,0.666666666666667
"997",997,"of <> thank you for",2,1
"998",998,"<> has been a <>",2,0.5
"999",999,"to the great <> <>",2,1
"1000",1000,"a bit of a <>",3,0.3
"1001",1001,"<> said his <> <>",2,1
"1002",1002,"let us know if you",3,0.5
"1003",1003,"i need to get out",4,0.5
"1004",1004,"are <> with <> <>",2,0.666666666666667
"1005",1005,"<> by <> <> <>",4,0.266666666666667
"1006",1006,"you have the courage to",2,1
"1007",1007,"if i don't find a",2,1
"1008",1008,"<> as one of the",2,1
"1009",1009,"<> in the <> <>",6,0.136363636363636
"1010",1010,"get a <> for <>",2,1
"1011",1011,"and it may not be",2,1
"1012",1012,"i wish i did so",2,1
"1013",1013,"for the rest of your",2,0.285714285714286
"1014",1014,"<> to <> the <>",5,0.384615384615385
"1015",1015,"the <> <> the <>",3,0.428571428571429
"1016",1016,"<> <> to the us",2,0.166666666666667
"1017",1017,"<> <> in a <>",4,0.307692307692308
"1018",1018,"in <> <> and <>",2,0.333333333333333
"1019",1019,"to <> or <> this",2,0.5
"1020",1020,"there will be some <>",3,1
"1021",1021,"one of the best <>",4,0.4
"1022",1022,"bob <> <> <> and",2,1
"1023",1023,"<> to <> to <>",2,0.5
"1024",1024,"let me know if you",2,0.666666666666667
"1025",1025,"<> and an <> <>",2,0.5
"1026",1026,"<> against the us and",2,1
"1027",1027,"that would be a good",2,0.666666666666667
"1028",1028,"just woke up from a",2,1
"1029",1029,"ex del ex del ex",2,0.666666666666667
"1030",1030,"glad you were able to",2,1
"1031",1031,"<> on the bar for",2,1
"1032",1032,"the right thing to do",2,1
"1033",1033,"of the <> <> <>",9,0.163636363636364
"1034",1034,"<> word for me is",2,1
"1035",1035,"<> in the block of",2,1
"1036",1036,"let us know what you",2,1
"1037",1037,"<> on a <> <>",2,0.2
"1038",1038,"<> on the river <>",2,1
"1039",1039,"the <> <> of the",7,0.241379310344828
"1040",1040,"the home was in <>",2,1
"1041",1041,"<> <> might have been",2,1
"1042",1042,"and one of the best",2,0.285714285714286
"1043",1043,"would you like to hear",2,0.5
"1044",1044,"<> <> and <> <>",36,0.310344827586207
"1045",1045,"<> the <> <> <>",4,0.125
"1046",1046,"did we need a new",2,1
"1047",1047,"<> <> <> <> <>",64,0.315270935960591
"1048",1048,"<> to <> and <>",3,0.6
"1049",1049,"he does not seem to",2,1
"1050",1050,"for a couple of years",2,0.5
"1051",1051,"<> <> the <> of",2,0.0588235294117647
"1052",1052,"<> are part of the",2,1
"1053",1053,"is a lot of <>",2,0.666666666666667
"1054",1054,"<> and <> <> had",2,0.0210526315789474
"1055",1055,"hundreds of thousands of dollars",2,1
"1056",1056,"you about the time i",2,1
"1057",1057,"and the <> of the",2,0.166666666666667
"1058",1058,"the <> of <> <>",6,0.133333333333333
"1059",1059,"at the <> center for",2,0.222222222222222
"1060",1060,"<> for a couple of",2,1
"1061",1061,"between the <> and <>",2,0.333333333333333
"1062",1062,"into the <> and <>",2,0.4
"1063",1063,"at the top of the",2,0.666666666666667
"1064",1064,"looking forward to <> <>",2,0.666666666666667
"1065",1065,"the <> <> <> of",2,0.0285714285714286
"1066",1066,"the <> is <> <>",2,0.285714285714286
"1067",1067,"<> and the <> <>",8,0.19047619047619
"1068",1068,"the rest of my life",2,0.666666666666667
"1069",1069,"<> <> and <> for",2,0.0172413793103448
"1070",1070,"the <> form of <>",2,1
"1071",1071,"if he had never had",2,1
"1072",1072,"and there may be <>",2,1
"1073",1073,"to the things that are",2,1
"1074",1074,"my life i crowd <>",2,1
"1075",1075,"<> with <> and <>",3,0.5
"1076",1076,"what all the <> was",2,1
"1077",1077,"i love me some <>",2,1
"1078",1078,"to find a way to",3,1
"1079",1079,"would love it if you",2,0.666666666666667
"1080",1080,"a <> or a <>",3,0.75
"1081",1081,"<> <> as well as",2,0.666666666666667
"1082",1082,"even <> me when he",2,1
"1083",1083,"of <> <> <> and",3,0.1
"1084",1084,"all the <> in the",2,0.666666666666667
"1085",1085,"<> that <> had <>",2,1
"1086",1086,"to make this <> <>",2,1
"1087",1087,"this is one of my",2,0.4
"1088",1088,"<> to the <> <>",2,0.0952380952380952
"1089",1089,"<> <> which is why",2,0.4
"1090",1090,"x x x x x",2,0.5
"1091",1091,"when it comes to the",2,0.0952380952380952
"1092",1092,"in the case of the",2,0.285714285714286
"1093",1093,"at a time when the",2,0.5
"1094",1094,"between the <> and the",3,0.5
"1095",1095,"<> on the <> of",4,0.19047619047619
"1096",1096,"there was a lot of",2,1
"1097",1097,"hope to be able to",2,1
"1098",1098,"one of the most <>",5,0.25
"1099",1099,"by <> and <> to",2,0.4
"1100",1100,"<> as much as we",2,0.4
"1101",1101,"what i did but the",2,1
"1102",1102,"<> and which of them",2,1
"1103",1103,"of the most <> <>",3,0.5
"1104",1104,"and <> <> and <>",2,0.142857142857143
"1105",1105,"<> <> and a <>",3,0.272727272727273
"1106",1106,"with the alto <> <>",2,0.666666666666667
"1107",1107,"of <> and <> i",2,0.105263157894737
"1108",1108,"<> so when i heard",2,1
"1109",1109,"the <> <> <> on",3,0.0428571428571429
"1110",1110,"<> my <> my <>",4,0.8
"1111",1111,"for the first time and",2,0.153846153846154
"1112",1112,"<> at the <> of",3,0.230769230769231
"1113",1113,"<> i'm not a fan",2,0.666666666666667
"1114",1114,"the <> <> <> and",5,0.0714285714285714
"1115",1115,"of <> and <> <>",3,0.157894736842105
"1116",1116,"<> and <> to our",2,0.0869565217391304
"1117",1117,"<> <> for <> that",2,0.181818181818182
"1118",1118,"with the <> of <>",2,0.285714285714286
"1119",1119,"he even <> me when",2,1
"1120",1120,"it will <> with the",2,1
"1121",1121,"<> book the <> <>",2,1
"1122",1122,"<> <> to this report",2,0.666666666666667
"1123",1123,"with a <> <> and",2,0.153846153846154
"1124",1124,"a little <> but i",2,0.666666666666667
"1125",1125,"to <> <> <> <>",3,0.2
"1126",1126,"not all of the <>",2,0.666666666666667
"1127",1127,"del ex del ex del",2,1
"1128",1128,"they <> for the <>",2,1
"1129",1129,"<> <> <> of <>",4,0.444444444444444
"1130",1130,"<> <> <> was <>",2,0.285714285714286
"1131",1131,"to the <> <> <>",4,0.285714285714286
"1132",1132,"<> of <> <> and",4,0.114285714285714
"1133",1133,"that i used to know",2,1
"1134",1134,"good time to tell you",2,1
"1135",1135,"in the case of <>",2,0.285714285714286
"1136",1136,"i would be able to",2,1
"1137",1137,"all of the <> and",3,0.3
"1138",1138,"with and <> <> and",2,0.666666666666667
"1139",1139,"his <> <> on <>",2,1
"1140",1140,"<> on the other hand",2,0.333333333333333
"1141",1141,"<> the <> and <>",4,0.333333333333333
"1142",1142,"<> has come up with",2,1
"1143",1143,"in the <> <> way",2,0.0769230769230769
"1144",1144,"<> said in an interview",2,1
"1145",1145,"what if the <> had",2,1
"1146",1146,"to prove he is a",2,1
"1147",1147,"on the <> of the",4,0.333333333333333
"1148",1148,"<> <> <> a <>",4,0.307692307692308
"1149",1149,"<> asked <> if he",2,1
"1150",1150,"<> <> in <> <>",6,0.3
"1151",1151,"<> that <> the <>",2,0.4
"1152",1152,"a member of the <>",2,0.333333333333333
"1153",1153,"of the <> of a",2,0.153846153846154
"1154",1154,"in the form of a",2,0.4
"1155",1155,"<> <> and <> and",3,0.0258620689655172
"1156",1156,"at the university of <>",3,0.5
"1157",1157,"with <> <> <> <>",5,0.263157894736842
"1158",1158,"<> and <> for the",2,0.4
"1159",1159,"<> and their <> <>",2,0.666666666666667
"1160",1160,"the <> from the <>",3,0.428571428571429
"1161",1161,"<> and <> of <>",4,0.363636363636364
"1162",1162,"he said we have to",2,0.666666666666667
"1163",1163,"for the first time in",2,0.153846153846154
"1164",1164,"<> <> one of the",2,0.666666666666667
"1165",1165,"come up with a <>",2,0.5
"1166",1166,"<> <> <> on my",2,0.111111111111111
"1167",1167,"<> or <> <> or",2,0.142857142857143
"1168",1168,"on my way to <>",2,0.181818181818182
"1169",1169,"in <> <> <> on",2,0.133333333333333
"1170",1170,"<> is one of the",3,0.6
"1171",1171,"out of the <> <>",2,0.25
"1172",1172,"this or that <> <>",2,1
"1173",1173,"as well as a <>",2,0.5
"1174",1174,"<> and told him it",2,1
"1175",1175,"by the end of the",7,0.7
"1176",1176,"for taking the time to",2,1
"1177",1177,"the <> <> was a",2,0.333333333333333
"1178",1178,"and <> <> <> the",2,0.0833333333333333
"1179",1179,"all the <> was about",2,1
"1180",1180,"be a good <> you",2,0.666666666666667
"1181",1181,"one of the <> <>",4,0.25
"1182",1182,"the <> of a <>",4,0.210526315789474
"1183",1183,"the <> in the <>",2,0.142857142857143
"1184",1184,"never been to a <>",2,1
"1185",1185,"<> in <> <> and",2,0.0869565217391304
"1186",1186,"<> said in a statement",4,0.5
"1187",1187,"<> and <> to <>",3,0.130434782608696
"1188",1188,"to <> <> in the",2,0.5
"1189",1189,"<> to win the <>",2,1
"1190",1190,"one of my favorite <>",3,0.375
"1191",1191,"the <> <> <> <>",10,0.142857142857143
"1192",1192,"the <> and told him",2,1
"1193",1193,"<> <> at the <>",2,0.153846153846154
"1194",1194,"<> with the <> <>",3,0.214285714285714
"1195",1195,"<> when it comes to",4,1
"1196",1196,"<> <> to <> <>",2,0.153846153846154
"1197",1197,"there were no <> <>",2,0.666666666666667
"1198",1198,"the <> between the <>",2,0.666666666666667
"1199",1199,"and the <> <> <>",3,0.176470588235294
"1200",1200,"my <> my <> my",2,0.5
"1201",1201,"<> but when i was",2,0.666666666666667
"1202",1202,"with <> <> and <>",4,0.666666666666667
"1203",1203,"thought it would be a",2,0.666666666666667
"1204",1204,"<> <> and <> are",2,0.0172413793103448
"1205",1205,"<> <> <> on <>",2,0.111111111111111
"1206",1206,"what would you like to",2,1
"1207",1207,"thank you for the <>",2,0.153846153846154
"1208",1208,"the <> and <> in",3,0.0789473684210526
"1209",1209,"in <> <> <> <>",3,0.2
"1210",1210,"<> <> with a <>",2,0.25
"1211",1211,"<> in <> <> <>",4,0.173913043478261
"1212",1212,"of the <> <> of",4,0.0727272727272727
"1213",1213,"the <> and <> of",2,0.0526315789473684
"1214",1214,"don't know what to do",3,0.6
"1215",1215,"he can be a <>",2,1
"1216",1216,"will be going to the",2,1
"1217",1217,"<> to see a <>",2,0.666666666666667
"1218",1218,"on the <> of <>",3,0.25
"1219",1219,"<> <> <> in the",2,0.111111111111111
"1220",1220,"<> <> set <> <>",2,1
"1221",1221,"it is what it is",2,1
"1222",1222,"<> <> <> or <>",3,0.5
"1223",1223,"our <> and our <>",2,0.666666666666667
"1224",1224,"the <> at the end",2,0.222222222222222
"1225",1225,"<> and the <> and",2,0.0476190476190476
"1226",1226,"<> <> or <> <>",3,0.166666666666667
"1227",1227,"<> <> <> the <>",8,0.235294117647059
"1228",1228,"<> hope to see you",2,0.666666666666667
"1229",1229,"for the <> of <>",2,0.285714285714286
"1230",1230,"to play in the <>",2,0.666666666666667
"1231",1231,"a <> of the <>",2,0.222222222222222
"1232",1232,"this is one of the",2,0.4
"1233",1233,"than percent of the <>",2,0.4
"1234",1234,"<> the <> of <>",2,0.0909090909090909
"1235",1235,"<> <> and <> the",3,0.0258620689655172
"1236",1236,"who don't have a <>",2,1
"1237",1237,"if you are a <>",2,0.666666666666667
"1238",1238,"<> from the <> <>",4,0.210526315789474
"1239",1239,"<> for the first time",3,0.6
"1240",1240,"<> and <> in their",2,0.111111111111111
"1241",1241,"<> <> of the <>",4,0.166666666666667
"1242",1242,"<> and <> <> and",9,0.0947368421052632
"1243",1243,"at the <> of the",2,0.2
"1244",1244,"of the <> and <>",2,0.117647058823529
"1245",1245,"<> with <> <> <>",3,0.1875
